year,successful_runs,population_mean,population_std,population_min,population_max,population_median,population_p05,population_p95,population_ci_95_lower,population_ci_95_upper,population_n,births_mean,births_std,births_min,births_max,births_median,births_p05,births_p95,births_ci_95_lower,births_ci_95_upper,births_n,deaths_mean,deaths_std,deaths_min,deaths_max,deaths_median,deaths_p05,deaths_p95,deaths_ci_95_lower,deaths_ci_95_upper,deaths_n,couples_mean,couples_std,couples_min,couples_max,couples_median,couples_p05,couples_p95,couples_ci_95_lower,couples_ci_95_upper,couples_n,men_mean,men_std,men_min,men_max,men_median,men_p05,men_p95,men_ci_95_lower,men_ci_95_upper,men_n,women_mean,women_std,women_min,women_max,women_median,women_p05,women_p95,women_ci_95_lower,women_ci_95_upper,women_n,breakups_mean,breakups_std,breakups_min,breakups_max,breakups_median,breakups_p05,breakups_p95,breakups_ci_95_lower,breakups_ci_95_upper,breakups_n,growth_rate_pct,births_per_1000,deaths_per_1000,natural_increase,sex_ratio,couple_rate_pct
0,100,495.16,2.576976538660778,489.0,503.0,495.0,491.0,499.0,494.6549125984225,495.6650874015775,100,1.21,1.4305116694258864,0.0,6.0,1.0,0.0,4.0,0.9296197127925263,1.4903802872074736,100,6.05,2.3110406943429385,1.0,12.0,6.0,2.0,10.0,5.5970360239087835,6.502963976091216,100,101.43,6.897891640995028,87.0,119.0,101.5,90.0,113.05,100.07801323836497,102.78198676163504,100,247.64,1.866883104335278,241.0,252.0,248.0,244.0,251.0,247.27409091155027,248.0059090884497,100,247.52,1.9461435577764419,243.0,253.0,247.0,244.0,251.0,247.13855586267582,247.9014441373242,100,9.4,2.856854242277012,2.0,17.0,9.0,4.95,14.0,8.840056568513706,9.959943431486295,100,,2.44365457629857,12.21827288149285,-4.84,100.04848093083388,20.484287906939173
1,100,538.48,11.072287729080903,511.0,564.0,538.5,520.0,558.05,536.3098316051002,540.6501683948999,100,50.37,9.60498082068135,28.0,72.0,50.0,35.0,67.05,48.48742375914645,52.25257624085354,100,7.05,2.602931525271559,1.0,15.0,7.0,3.0,11.0,6.539825421046774,7.560174578953226,100,128.1,7.076065790445073,113.0,145.0,129.0,116.0,139.05,126.71309110507276,129.48690889492724,100,270.02,6.56741266336364,257.0,288.0,270.0,260.0,281.0,268.7327871179807,271.30721288201926,100,268.46,6.732133106350183,247.0,287.0,269.0,257.0,280.0,267.14050191115535,269.7794980888446,100,27.14,4.688304813064315,17.0,41.0,27.0,19.95,34.05,26.221092256639395,28.058907743360606,100,8.748687292996205,93.54107859159113,13.092408260288218,43.32,100.5810921552559,23.78918437082157
2,100,591.41,16.791709714960984,557.0,638.0,592.0,561.95,624.0,588.1188248958676,594.7011751041323,100,61.08,10.689067387576973,35.0,89.0,60.5,43.95,78.0,58.984942792034914,63.17505720796508,100,8.15,3.2640527575455036,1.0,17.0,8.0,3.0,13.049999999999997,7.510245659521082,8.789754340478918,100,131.23,6.298717201449704,113.0,147.0,132.0,121.0,140.05,129.99545142851585,132.46454857148413,100,296.88,10.080764761753853,274.0,326.0,296.0,280.95,313.1,294.90417010669626,298.85582989330373,100,294.53,10.088952854333778,267.0,316.0,295.0,276.95,310.05,292.55256524055056,296.5074347594494,100,30.03,4.723581503713281,19.0,40.0,30.0,22.95,37.05,29.104178025272198,30.955821974727805,100,9.829520130738366,103.2786053668352,13.78062596168479,52.93,100.79788137031882,22.189344109839197
3,100,625.23,19.582952285138727,587.0,673.0,623.5,594.9,661.05,621.3917413521128,629.0682586478872,100,43.46,8.539178869046822,25.0,69.0,43.0,31.0,58.0,41.78632094166682,45.13367905833318,100,9.64,3.0101511757734194,3.0,19.0,9.0,5.0,15.0,9.05001036954841,10.229989630451591,100,127.06,6.9657459156659005,108.0,142.0,127.5,115.0,137.05,125.69471380052948,128.42528619947052,100,313.88,11.932706941406671,292.0,342.0,313.0,296.0,337.05,311.5411894394843,316.2188105605157,100,311.35,11.549957365787769,287.0,342.0,311.0,291.0,330.1,309.08620835630563,313.6137916436944,100,31.85,4.738356276391656,20.0,44.0,31.0,25.0,39.05,30.921282169827236,32.778717830172766,100,5.718537055511419,69.51042016537914,15.418326056011388,33.82,100.81259033242331,20.322121459302977
4,100,646.12,21.239985162352863,600.0,694.0,642.5,615.9,682.0,641.9569629081789,650.2830370918211,100,31.11,7.959360159046337,14.0,57.0,30.0,19.9,45.0,29.549965408826917,32.67003459117308,100,10.22,3.3138216821992916,1.0,20.0,10.0,5.0,16.0,9.570490950288939,10.869509049711063,100,124.02,6.253855376542303,111.0,142.0,124.0,114.95,134.0,122.7942443461977,125.24575565380229,100,324.43,13.110451532801584,297.0,351.0,323.0,304.95,349.0,321.8603514995709,326.9996485004291,100,321.69,12.335949763421404,299.0,351.0,321.0,302.0,342.1,319.2721538463694,324.1078461536306,100,29.93,5.0517623687484585,19.0,39.0,30.0,22.95,38.0,28.939854575725303,30.920145424274697,100,3.3411704492746663,48.14895065932025,15.817495202129637,20.89,100.85175168640616,19.19457685878784
5,100,657.95,21.799997683254443,614.0,712.0,659.0,621.8,694.1,653.6772004540821,662.222799545918,100,21.72,6.692495420207244,3.0,36.0,22.0,11.95,32.05,20.40827089763938,23.031729102360618,100,9.89,3.3086815708637993,2.0,19.0,9.0,4.95,15.049999999999997,9.241498412110696,10.538501587889305,100,119.93,6.421641125715042,105.0,135.0,119.5,109.95,130.05,118.67135833935986,121.18864166064016,100,330.4,13.61446052377895,302.0,363.0,330.0,307.95,354.1,327.7315657373393,333.0684342626607,100,327.55,12.92353189989783,298.0,356.0,328.5,307.0,350.05,325.01698774762,330.08301225238,100,28.66,5.675073977179914,15.0,41.0,29.0,19.9,38.05,27.54768550047274,29.772314499527262,100,1.8309292391506249,33.011627023330036,15.031537350862527,11.829999999999998,100.87009616852387,18.22782886237556
6,100,663.55,22.331015257355464,618.0,726.0,662.5,628.85,705.0,659.1731210095583,667.9268789904417,100,16.4,5.736644568830364,4.0,35.0,16.0,7.95,26.049999999999997,15.275617664509248,17.52438233549075,100,10.8,3.113995776646092,5.0,18.0,11.0,6.0,17.0,10.189656827777366,11.410343172222635,100,115.95,6.784377479015873,101.0,130.0,116.0,105.95,128.0,114.6202620141129,117.27973798588711,100,333.32,13.98041920730996,303.0,368.0,332.0,311.7,355.05,330.57983783536724,336.06016216463274,100,330.23,13.28693061818738,306.0,363.0,330.0,310.0,351.05,327.6257615988353,332.8342384011647,100,28.04,4.786175377843436,16.0,39.0,28.5,19.95,36.0,27.101909625942685,28.978090374057313,100,0.8511285052055451,24.715545173686987,16.276090724135337,5.599999999999998,100.93571147382127,17.474191846884185
7,100,665.66,22.074813107643145,620.0,731.0,663.0,632.9,707.05,661.333336630902,669.986663369098,100,12.97,4.914326613138982,1.0,29.0,13.0,6.95,22.0,12.00679198382476,13.933208016175241,100,10.86,3.516253745684518,3.0,23.0,11.0,6.0,17.0,10.170814265845834,11.549185734154165,100,111.42,7.283827387722846,89.0,126.0,112.0,97.95,123.0,109.99236983200632,112.84763016799369,100,334.53,13.696165503342513,307.0,367.0,333.5,309.9,356.05,331.84555156134485,337.2144484386551,100,331.13,13.518901844110973,308.0,364.0,331.5,312.0,355.05,328.4802952385542,333.77970476144577,100,28.01,5.107916217089714,14.0,44.0,27.0,21.0,38.0,27.008848421450416,29.011151578549587,100,0.3179865872956045,19.48442147642941,16.31463509899949,2.110000000000001,101.02678706248301,16.73827479494036
8,100,663.73,22.236949412901026,615.0,730.0,663.0,628.8,701.05,659.3715579150714,668.0884420849286,100,9.67,3.979886298563685,2.0,19.0,9.5,4.0,17.0,8.889942285481517,10.450057714518483,100,11.6,3.290635626787449,5.0,20.0,11.0,6.0,17.0,10.95503541714966,12.24496458285034,100,108.0,6.488529116911637,91.0,121.0,108.0,97.95,118.05,106.72824829308531,109.27175170691469,100,333.67,13.405151278821167,306.0,368.0,333.0,309.9,353.05,331.0425903493511,336.29740965064894,100,330.06,13.87230363280764,301.0,363.0,330.5,309.0,354.0,327.3410284879697,332.7789715120303,100,26.27,5.149982838061039,14.0,43.0,26.0,18.95,35.05,25.260603363740035,27.279396636259964,100,-0.28993780608718156,14.569177225679114,17.47698612387567,-1.9299999999999997,101.09374053202448,16.27167673602218
9,100,660.61,22.944771196342867,603.0,721.0,659.5,621.0,701.15,656.1128248455168,665.1071751544832,100,8.45,3.97816007417469,1.0,22.0,8.0,3.0,15.049999999999997,7.670280625461761,9.229719374538238,100,11.57,3.147084589606929,6.0,21.0,11.0,6.95,16.049999999999997,10.953171420437043,12.186828579562958,100,105.9,6.582038614535191,89.0,123.0,106.0,95.95,116.05,104.6099204315511,107.19007956844891,100,331.86,13.695844684288794,299.0,364.0,332.0,307.9,353.0,329.1756144418794,334.5443855581206,100,328.75,14.326901305240467,297.0,361.0,329.0,305.9,354.0,325.9419273441729,331.5580726558271,100,25.2,4.438126822992973,16.0,37.0,25.0,19.0,32.05,24.330127142693378,26.06987285730662,100,-0.4700706612628669,12.791208125823102,17.514115741511635,-3.120000000000001,100.94600760456274,16.030638349404338
10,100,657.35,22.619101161932527,596.0,711.0,658.5,618.9,695.15,652.9166561722612,661.7833438277388,100,7.31,4.43287762524571,0.0,24.0,7.0,1.0,16.0,6.44115598545184,8.178844014548158,100,10.57,3.6383340621051756,3.0,20.0,10.0,5.0,17.0,9.856886523827386,11.283113476172614,100,104.24,6.985005585559902,87.0,121.0,104.5,92.0,115.0,102.87093890523025,105.60906109476974,100,330.53,13.538165281599984,294.0,362.0,331.5,307.9,352.1,327.8765196048064,333.18348039519356,100,326.82,14.025503465998913,296.0,356.0,327.0,304.0,351.1,324.0710013206642,329.5689986793358,100,24.51,4.742873441791219,13.0,35.0,25.0,17.0,33.0,23.580396805408924,25.43960319459108,100,-0.4934832957418145,11.12040769757359,16.079714003194645,-3.2600000000000007,101.13518144544398,15.857610101163763
11,100,652.03,22.893453256776315,597.0,709.0,652.5,614.8,692.2,647.5428831616719,656.5171168383281,100,5.3,3.5118845842842465,0.0,16.0,5.0,1.0,12.049999999999997,4.611670621480288,5.988329378519712,100,10.62,2.901688815120943,3.0,16.0,11.0,5.0,15.0,10.051268992236295,11.188731007763703,100,101.05,6.355423993835041,88.0,115.0,101.0,90.0,111.0,99.80433689720833,102.29566310279166,100,328.04,13.135594329296195,296.0,357.0,328.5,306.9,348.25,325.46542351145797,330.61457648854207,100,323.99,14.397316669182741,294.0,357.0,325.0,299.0,351.0,321.1681259328402,326.8118740671598,100,25.06,4.958046210174147,15.0,39.0,25.0,17.0,34.0,24.088222942805867,26.03177705719413,100,-0.8093101087700671,8.128460346916553,16.28759412910449,-5.319999999999999,101.2500385814377,15.497753170866371
12,100,646.18,21.855068986485502,595.0,700.0,646.5,610.75,687.1,641.8964064786488,650.4635935213511,100,4.83,3.107680287236248,0.0,15.0,4.0,0.9500000000000002,10.049999999999997,4.220894663701696,5.439105336298304,100,10.68,3.489898843719391,3.0,25.0,11.0,4.95,17.0,9.995979826630998,11.364020173369001,100,98.94,7.112117984273196,81.0,113.0,99.0,85.95,109.05,97.54602487508245,100.33397512491754,100,325.21,12.551546244639068,294.0,354.0,325.5,304.95,349.0,322.74989693605073,327.6701030639492,100,320.97,14.263363395550693,287.0,350.0,321.0,296.95,346.05,318.17438077447207,323.765619225528,100,24.01,4.3239875909707095,14.0,37.0,24.0,17.95,31.049999999999997,23.16249843216974,24.857501567830262,100,-0.8971979816879583,7.474697452722152,16.527902442044013,-5.85,101.32099573168831,15.311523105017177
13,100,639.87,21.133369180736256,590.0,692.0,639.0,605.95,678.15,635.7278596405757,644.0121403594243,100,3.84,2.8238522295158104,0.0,13.0,4.0,0.0,8.049999999999997,3.286524963014901,4.393475036985099,100,10.15,3.358616237426215,4.0,20.0,10.0,5.0,15.0,9.491711217464463,10.808288782535538,100,101.85,7.816551979516597,84.0,121.0,101.5,89.0,117.0,100.31795581201474,103.38204418798524,100,322.22,11.908387672968031,293.0,350.0,322.0,302.95,343.05,319.8859560160983,324.55404398390175,100,317.65,13.9134227756269,285.0,348.0,317.0,296.75,343.05,314.9229691359771,320.37703086402286,100,23.65,4.374801582802229,15.0,34.0,24.0,17.0,31.0,22.79253888977076,24.507461110229237,100,-0.9765080937200077,6.0012189976088886,15.862597090033914,-6.3100000000000005,101.43869038249646,15.917295700689202
14,100,635.57,21.747520467047423,588.0,697.0,637.0,603.7,671.4,631.3074859884588,639.8325140115413,100,5.11,3.1104093725177826,0.0,15.0,5.0,1.0,10.0,4.500359762986514,5.719640237013486,100,9.41,3.188030011391887,4.0,19.0,9.0,5.0,15.0,8.78514611776719,10.03485388223281,100,116.61,9.54933494960764,96.0,139.0,116.5,102.0,133.05,114.7383303498769,118.4816696501231,100,320.13,11.865113109065126,294.0,349.0,321.0,301.0,343.1,317.8044378306232,322.4555621693768,100,315.44,14.40280556283421,280.0,352.0,314.0,292.8,340.1,312.6170501096845,318.2629498903155,100,25.02,4.89893824819174,14.0,36.0,25.0,17.0,34.0,24.059808103354417,25.980191896645582,100,-0.6720115023364004,8.040027062322011,14.805607564863035,-4.3,101.48681207202637,18.347310288402536
15,100,635.23,22.45707690306784,588.0,696.0,636.5,598.0,677.05,630.8284129269987,639.6315870730014,100,9.01,4.041439387548986,2.0,20.0,8.5,3.0,16.0,8.2178778800404,9.8021221199596,100,9.35,3.176221629292238,3.0,17.0,9.0,5.0,14.049999999999997,8.72746056065872,9.97253943934128,100,129.02,9.180545966467584,106.0,150.0,130.0,111.95,142.0,127.22061299057236,130.81938700942766,100,320.15,12.57733652008222,288.0,353.0,321.0,302.0,344.0,317.68484204206385,322.6151579579361,100,315.08,15.009545784148989,279.0,352.0,314.0,291.75,340.05,312.1381290263068,318.0218709736932,100,28.2,5.469843866070761,17.0,44.0,28.0,19.95,38.05,27.12791060225013,29.27208939774987,100,-0.05349528769451606,14.183838924484045,14.719078129181556,-0.33999999999999986,101.60911514535991,20.310753585315556
16,100,640.38,23.01417218176924,589.0,703.0,641.5,606.95,683.25,635.8692222523732,644.8907777476268,100,13.85,4.678286399565939,3.0,25.0,14.0,6.95,22.0,12.933055865685075,14.766944134314924,100,8.7,3.1797973380564857,0.0,15.0,9.0,3.0,13.049999999999997,8.076759721740927,9.323240278259071,100,135.52,10.831566289453631,103.0,160.0,135.5,117.95,151.1,133.3970130072671,137.64298699273292,100,322.65,12.537116611457872,284.0,353.0,321.5,304.0,347.05,320.1927251441542,325.10727485584573,100,317.73,15.786360946056945,279.0,359.0,316.5,291.85,346.05,314.63587325457286,320.8241267454272,100,30.63,5.225529792869008,17.0,46.0,31.0,22.0,39.05,29.605796160597674,31.654203839402324,100,0.8107299718212335,21.62778350354477,13.585683500421624,5.15,101.54848456236425,21.16243480433493
17,100,651.99,25.434604201935027,601.0,720.0,653.0,613.9,699.55,647.0048175764207,656.9751824235793,100,20.0,5.939084716749482,6.0,35.0,20.0,11.0,30.049999999999997,18.8359393955171,21.1640606044829,100,8.39,2.7775979739786867,2.0,15.0,8.0,4.0,13.0,7.845590797100178,8.934409202899824,100,140.12,10.205247214402535,114.0,167.0,140.0,123.95,156.0,138.1197715459771,142.1202284540229,100,328.67,13.798005272319237,288.0,362.0,328.0,306.95,354.05,325.9655909666254,331.3744090333746,100,323.32,16.66053220438451,281.0,373.0,322.5,297.0,351.1,320.05453568794064,326.58546431205934,100,32.67,4.938111936251496,22.0,47.0,32.0,24.0,41.0,31.70213006049471,33.63786993950529,100,1.812986039539033,30.675317106090585,12.868295526005,11.61,101.65470741061489,21.491127164527065
18,100,670.18,28.93405249769541,609.0,747.0,670.5,625.9,722.25,664.5089257104516,675.8510742895483,100,26.45,7.708548318050369,10.0,48.0,26.0,15.0,41.0,24.939124529662127,27.96087547033787,100,8.26,2.7473403116248245,2.0,15.0,8.0,4.0,12.049999999999997,7.721521298921534,8.798478701078466,100,143.39,10.7542756355063,116.0,172.0,143.0,128.0,162.05,141.28216197544074,145.49783802455923,100,337.68,15.494463005809006,298.0,370.0,337.0,313.95,363.05,334.6430852508614,340.7169147491386,100,332.5,18.181742424084597,283.0,384.0,332.0,304.95,363.0,328.9363784848794,336.0636215151206,100,33.22,6.032872910608639,18.0,48.0,34.0,22.0,43.05,32.0375569095207,34.402443090479295,100,2.7899200907989252,39.46700886329046,12.325047002297891,18.189999999999998,101.55789473684212,21.39574442687039
19,100,686.96,31.79604193650969,627.0,776.0,689.5,637.9,736.4499999999999,680.7279757804441,693.192024219556,100,25.87,7.164242014083809,12.0,42.0,25.0,15.0,40.0,24.465808565239573,27.27419143476043,100,9.09,2.825193298115577,3.0,19.0,9.0,5.0,13.049999999999997,8.536262113569347,9.643737886430653,100,144.71,10.164599889277046,122.0,174.0,142.0,131.9,161.0,142.7177384217017,146.7022615782983,100,346.12,17.121243228719393,303.0,381.0,347.5,320.95,371.29999999999995,342.764236327171,349.47576367282903,100,340.84,19.68987844379221,291.0,398.0,340.0,311.75,372.05,336.9807838250167,344.69921617498323,100,33.75,5.565723019273662,23.0,51.0,34.0,25.0,41.099999999999994,32.65911828822236,34.84088171177764,100,2.5038049479244595,37.65867008268312,13.232211482473506,16.78,101.54911395376129,21.065273087224874
20,100,702.44,32.701688091601696,640.0,792.0,705.0,653.8,759.05,696.0304691340461,708.849530865954,100,24.94,7.575638786947476,7.0,45.0,24.5,13.0,39.05,23.455174797758296,26.424825202241706,100,9.46,2.7685827610982674,3.0,15.0,9.0,5.0,14.0,8.91735777882474,10.002642221175261,100,146.46,9.978178210677559,122.0,177.0,145.0,132.85,162.2,144.50427707070722,148.4157229292928,100,353.56,17.74073666378421,311.0,389.0,355.0,324.95,381.05,350.0828156138983,357.0371843861017,100,348.88,20.546709535282595,304.0,406.0,348.0,316.85,381.1,344.85284493108463,352.90715506891536,100,32.84,5.972529707846677,21.0,48.0,32.5,23.95,44.05,31.669384177262053,34.010615822737954,100,2.253406311866768,35.5048117988725,13.46734240646888,15.48,101.34143545058474,20.85017937475087
21,100,716.1,34.364798761805574,653.0,800.0,716.5,664.8,774.25,709.3644994426861,722.8355005573139,100,23.54,6.196153906442547,10.0,45.0,23.0,14.9,34.05,22.32555383433726,24.75444616566274,100,9.88,3.370340030203469,2.0,19.0,10.0,5.0,16.0,9.219413354080121,10.54058664591988,100,146.68,10.352260281179804,125.0,177.0,146.0,130.0,163.1,144.65095698488878,148.70904301511123,100,360.18,18.529463297705362,315.0,398.0,358.5,332.95,388.05,356.5482251936497,363.8117748063503,100,355.92,21.538633365947973,306.0,409.0,355.0,323.75,394.1,351.6984278602742,360.14157213972584,100,34.62,5.818431181524915,21.0,50.0,34.0,25.95,44.099999999999994,33.47958748842112,35.76041251157888,100,1.9446500768748987,32.87250384024577,13.796955732439603,13.659999999999998,101.19689817936614,20.483172741237258
22,100,726.99,36.05761242985195,662.0,807.0,725.5,667.9,794.1,719.9227079637491,734.0572920362509,100,20.6,6.9660069283092545,8.0,47.0,19.0,11.0,33.0,19.234662642051386,21.965337357948616,100,9.71,3.111708095681096,4.0,18.0,9.0,5.0,15.049999999999997,9.100105213246506,10.319894786753496,100,146.68,10.425183185174467,118.0,172.0,146.0,129.95,164.05,144.6366640957058,148.7233359042942,100,365.96,18.918175750779294,319.0,406.0,363.0,335.95,396.0,362.25203755284724,369.6679624471527,100,361.03,22.61869031387873,309.0,412.0,358.0,325.0,401.0,356.59673669847973,365.4632633015202,100,34.46,5.562173835630974,23.0,47.0,35.0,25.0,44.0,33.36981392821633,35.55018607178367,100,1.5207373271889368,28.33601562607464,13.356442316950716,10.89,101.3655374899593,20.176343553556446
23,100,735.14,36.95506963485756,664.0,817.0,731.5,681.7,807.05,727.8968063515679,742.3831936484321,100,18.52,5.589456163350796,7.0,37.0,18.0,10.95,28.049999999999997,17.424466591983244,19.615533408016756,100,10.37,3.1225960450570707,3.0,18.0,10.0,5.95,16.0,9.757971175168814,10.982028824831184,100,146.7,11.528182419574645,121.0,177.0,146.5,125.95,166.0,144.44047624576336,148.9595237542366,100,370.21,19.19137800938197,320.0,414.0,367.5,339.95,400.15,366.44848991016113,373.97151008983883,100,364.93,23.059981077024485,314.0,421.0,362.5,330.95,408.05,360.4102437089032,369.44975629109683,100,34.4,5.656854249492381,21.0,52.0,34.0,26.0,45.0,33.291256567099495,35.5087434329005,100,1.1210608123908061,25.192480343880078,14.106156650433931,8.15,101.44685282108897,19.955382648203063
24,100,742.21,38.24463915691223,668.0,840.0,737.5,683.85,817.0,734.7140507252452,749.7059492747549,100,17.38,6.571717792744509,5.0,39.0,17.0,8.0,28.049999999999997,16.091943312622075,18.668056687377923,100,10.31,3.1097598075423862,4.0,19.0,10.0,6.0,16.0,9.700487077721693,10.919512922278308,100,148.79,10.47391661666873,120.0,171.0,148.0,131.0,166.05,146.73711234313294,150.84288765686705,100,373.93,20.11494996566514,320.0,419.0,374.0,338.75,407.05,369.9874698067296,377.8725301932704,100,368.28,23.401234535335472,323.0,421.0,366.0,333.85,413.25,363.69335803107424,372.8666419689257,100,33.8,6.20361575896255,20.0,54.0,33.0,25.0,45.099999999999994,32.584091311243334,35.01590868875666,100,0.9617215768425114,23.416553266595702,13.890947306018512,7.0699999999999985,101.53415879222332,20.046886999636218
25,100,744.84,38.21489476392917,676.0,841.0,741.0,684.0,816.2,737.34988062627,752.3301193737301,100,15.55,5.636058153989499,4.0,32.0,15.0,6.0,24.049999999999997,14.445332601818059,16.654667398181942,100,12.92,3.7245567833398963,5.0,23.0,13.0,7.0,19.0,12.18998687046538,13.650013129534619,100,146.13,10.380298938884469,120.0,172.0,146.5,130.95,165.05,144.09546140797863,148.16453859202136,100,375.14,20.72329485132491,322.0,424.0,374.0,342.7,411.0,371.0782342091403,379.20176579085967,100,369.7,23.31362804295489,323.0,422.0,367.0,336.85,412.2,365.13052890358085,374.2694710964191,100,35.67,6.1694178956946315,21.0,50.0,35.0,26.0,45.05,34.460794092443855,36.87920590755615,100,0.3543471524231734,20.87696686536706,17.34600719617636,2.630000000000001,101.47146334866109,19.618978572579344
26,100,744.75,39.300801904070994,668.0,839.0,742.0,685.9,820.1,737.0470428268021,752.4529571731979,100,14.02,5.608399184628481,5.0,33.0,13.5,6.95,24.049999999999997,12.920753759812817,15.119246240187183,100,14.11,3.3990343251332935,7.0,23.0,14.0,8.95,20.049999999999997,13.443789272273873,14.776210727726125,100,145.73,11.301966397244529,122.0,181.0,145.0,127.95,162.05,143.51481458614006,147.94518541385992,100,375.15,20.86095139079934,326.0,425.0,375.0,343.75,410.0,371.0612535274033,379.23874647259663,100,369.6,24.368384883249483,322.0,426.0,366.0,334.95,417.0,364.8237965628831,374.37620343711694,100,34.76,6.097060063189587,22.0,59.0,34.0,25.95,46.0,33.56497622761484,35.955023772385154,100,-0.012083131947804304,18.82510909701242,18.945955018462573,-0.08999999999999986,101.50162337662336,19.56764014770057
27,100,743.2,40.12077725663808,654.0,839.0,741.0,684.0,824.1,735.336327657699,751.0636723423011,100,12.13,4.7090177834500135,3.0,29.0,12.0,5.0,20.049999999999997,11.207032514443798,13.052967485556204,100,13.68,4.032394080469073,6.0,26.0,14.0,8.0,21.0,12.889650760228061,14.470349239771938,100,146.48,10.768903979945819,117.0,181.0,147.0,129.0,162.05,144.36929481993062,148.59070518006936,100,374.44,21.267094134584838,325.0,429.0,373.5,342.4,409.05,370.2716495496214,378.6083504503786,100,368.76,24.66303003495415,323.0,435.0,365.0,333.95,417.05,363.92604611314897,373.593953886851,100,34.23,6.0400264231143215,20.0,48.0,34.0,23.95,45.0,33.04615482106959,35.4138451789304,100,-0.20812353138636164,16.321313240043057,18.406889128094726,-1.549999999999999,101.540297212279,19.709364908503765
28,100,739.89,40.85052699238476,643.0,834.0,735.0,681.95,817.3,731.8832967094926,747.8967032905074,100,10.52,5.0562093039403075,0.0,31.0,10.0,3.95,20.0,9.528982976427699,11.5110170235723,100,13.83,3.6928951714711244,5.0,24.0,14.0,8.0,20.0,13.106192546391659,14.553807453608341,100,144.99,11.76838342699831,119.0,185.0,145.0,125.95,164.05,142.68339684830835,147.29660315169167,100,372.64,21.88007718856992,322.0,427.0,373.0,339.6,406.1,368.3515048710403,376.9284951289597,100,367.25,24.667639210966747,321.0,430.0,363.5,330.9,415.05,362.41514271465053,372.08485728534947,100,35.48,5.51669642031709,25.0,46.0,35.5,27.0,45.0,34.39872750161785,36.561272498382145,100,-0.4453713670613646,14.21832975171985,18.691967724932084,-3.3100000000000005,101.46766507828455,19.59615618537891
29,100,736.49,41.3927956938588,634.0,831.0,733.0,681.95,814.2,728.3770120440037,744.6029879559964,100,9.75,4.413878479560038,2.0,26.0,9.5,3.0,17.0,8.884879818006233,10.615120181993767,100,13.15,4.105613304496736,3.0,27.0,13.0,7.0,20.0,12.34529979231864,13.95470020768136,100,147.2,12.381967990312821,125.0,180.0,146.0,128.95,169.05,144.77313427389868,149.6268657261013,100,371.19,22.41468449048705,317.0,427.0,370.0,336.65,407.1,366.7967218398645,375.5832781601355,100,365.3,24.84273769457819,314.0,421.0,360.5,328.0,414.05,360.43082341186266,370.16917658813736,100,35.55,5.52382351841786,24.0,51.0,35.0,28.0,45.05,34.4673305903901,36.632669409609896,100,-0.45952776764113246,13.238468954093063,17.854960691930643,-3.4000000000000004,101.61237339173282,19.986693641461525
30,100,734.13,41.23440139720545,631.0,828.0,728.0,678.95,813.05,726.0480573261477,742.2119426738523,100,9.89,4.954122862155654,2.0,28.0,9.0,4.0,19.0,8.918991919017492,10.86100808098251,100,12.25,3.739969750863466,4.0,24.0,12.0,6.0,19.0,11.51696592883076,12.98303407116924,100,151.47,12.408416010063004,115.0,186.0,151.5,133.0,173.14999999999998,149.03795046202765,153.90204953797235,100,370.13,22.47227472493898,313.0,425.0,369.5,331.9,406.05,365.725434153912,374.534565846088,100,364.0,24.60105935142065,312.0,422.0,360.0,329.9,412.15,359.17819236712154,368.82180763287846,100,35.22,5.881970397543307,23.0,50.0,35.0,26.0,44.05,34.067133802081514,36.37286619791848,100,-0.3204388382734291,13.471728440466949,16.686417936877664,-2.3599999999999994,101.68406593406594,20.632585509378448
31,100,733.72,41.56389264394243,636.0,836.0,728.0,677.95,815.15,725.5734770417873,741.8665229582127,100,11.84,4.937426639270888,1.0,27.0,11.0,4.95,20.049999999999997,10.872264378702905,12.807735621297095,100,12.25,3.7722404456500356,3.0,22.0,12.0,5.95,19.0,11.510640872652592,12.989359127347408,100,157.43,14.14660254747986,124.0,199.0,156.5,136.8,182.05,154.65726590069394,160.20273409930607,100,370.26,23.051816905100182,310.0,428.0,369.0,336.0,409.05,365.74184388660035,374.77815611339963,100,363.46,24.79916095028991,315.0,424.0,360.0,325.95,415.0,358.59936445374314,368.3206355462568,100,35.85,4.9713827517750495,24.0,51.0,36.0,29.0,45.099999999999994,34.87560898065209,36.824391019347914,100,-0.055848419217296996,16.13694597394101,16.69574224499809,-0.41000000000000014,101.8709073900842,21.456413890857547
32,100,735.06,42.321716373130194,622.0,840.0,733.5,676.85,812.55,726.7649435908664,743.3550564091335,100,13.2,5.310557428558719,3.0,30.0,13.0,5.0,22.0,12.159130744002491,14.240869255997508,100,11.86,3.306009221054438,5.0,20.0,12.0,6.95,18.0,11.212022192673329,12.50797780732667,100,160.86,12.939657934997644,134.0,196.0,160.0,138.95,185.05,158.32382704474048,163.39617295525954,100,371.09,23.57669410775194,310.0,427.0,370.5,332.95,410.05,366.4689679548806,375.71103204511934,100,363.97,25.413928814289573,306.0,429.0,359.0,327.7,414.0,358.9888699523993,368.95113004760077,100,37.84,6.660178661115616,26.0,54.0,37.0,27.0,50.05,36.53460498242134,39.145395017578664,100,0.18263097639426018,17.957717737327567,16.134737300356434,1.3399999999999999,101.95620518174573,21.883927842625095
33,100,739.08,43.37193618556645,626.0,854.0,740.0,678.9,824.1,730.579100507629,747.580899492371,100,15.81,6.094698805958629,3.0,38.0,15.0,7.0,24.099999999999994,14.615439034032109,17.00456096596789,100,11.79,3.7262242920612647,4.0,22.0,11.0,5.95,18.0,11.059660038755991,12.520339961244007,100,165.2,12.913073791606505,129.0,205.0,164.0,143.8,186.25,162.6690375368451,167.73096246315487,100,373.21,24.21465246373348,316.0,430.0,371.5,337.55,412.15,368.4639281171082,377.95607188289176,100,365.87,25.62143002971686,309.0,429.0,361.5,326.0,416.1,360.8481997141755,370.8918002858245,100,37.99,7.064629494813574,17.0,57.0,38.0,26.0,48.0,36.605332619016544,39.37466738098346,100,0.5468941310913467,21.391459652540995,15.952264978080857,4.020000000000001,102.00617705742476,22.35211343832873
34,100,746.74,45.74227759519589,629.0,868.0,750.0,681.85,831.15,737.7745135913416,755.7054864086584,100,19.15,6.662688206828694,5.0,39.0,19.0,9.0,30.0,17.844113111461574,20.455886888538423,100,11.49,3.211390711674664,4.0,20.0,12.0,5.95,16.0,10.860567420511765,12.119432579488235,100,169.42,15.155210458466225,129.0,223.0,168.0,147.0,195.1,166.4495787501406,172.39042124985937,100,377.41,25.31103284811554,316.0,441.0,374.5,338.7,418.2,372.4490375617694,382.37096243823066,100,369.33,26.539490301332947,313.0,432.0,367.0,330.7,419.34999999999997,364.1282599009387,374.53174009906127,100,38.75,5.65037765788869,26.0,54.0,39.0,29.0,48.0,37.642525979053815,39.857474020946185,100,1.0364236618498612,25.644802742587782,15.386881645552668,7.659999999999998,102.18774537676335,22.687950290596458
35,100,754.83,48.270922087649396,644.0,875.0,756.5,687.65,845.4499999999999,745.3688992708207,764.2911007291793,100,19.6,6.994947671662235,4.0,49.0,19.0,9.95,31.0,18.228990256354205,20.971009743645798,100,11.51,3.179781454913231,4.0,19.0,11.0,7.0,16.049999999999997,10.886762834837006,12.133237165162994,100,173.72,14.34290026036533,134.0,214.0,173.5,153.85,200.1,170.9087915489684,176.5312084510316,100,381.61,26.096129594213387,326.0,462.0,380.0,342.6,424.1,376.4951585995342,386.72484140046583,100,373.22,27.625409179290582,316.0,438.0,369.5,329.95,430.05,367.80541980085906,378.634580199141,100,38.79,6.195950127284594,28.0,59.0,38.0,29.0,49.05,37.57559377505222,40.00440622494778,100,1.083375739882686,25.966111574791675,15.248466542135315,8.090000000000002,102.24800385831412,23.01445358557556
36,100,764.44,50.657359591752126,648.0,892.0,764.5,692.8,862.05,754.5111575200167,774.3688424799834,100,20.91,7.2600957224398845,7.0,41.0,20.5,9.0,33.099999999999994,19.487021238401784,22.332978761598216,100,11.3,3.310528048453292,4.0,19.0,11.0,6.0,17.0,10.651136502503155,11.948863497496847,100,174.83,16.20328872965503,135.0,223.0,172.5,151.0,204.0,171.65415540898763,178.0058445910124,100,386.84,26.975379721351672,322.0,473.0,385.0,347.9,430.05,381.55282557461504,392.1271744253849,100,377.6,28.77042533118643,318.0,447.0,374.5,330.0,429.54999999999995,371.9609966350875,383.23900336491255,100,41.64,5.783152123612908,28.0,62.0,42.0,32.95,50.0,40.50650218377187,42.77349781622813,100,1.2731343481313662,27.353356705562238,14.782062686410967,9.61,102.44703389830508,22.87033645544451
37,100,772.81,52.658552309317535,658.0,907.0,770.0,696.65,869.25,762.4889237473737,783.1310762526261,100,19.89,6.897364450544596,7.0,37.0,19.0,9.95,32.05,18.538116567693258,21.241883432306743,100,11.52,3.5660577220184866,3.0,24.0,11.0,6.0,17.0,10.821052686484377,12.218947313515622,100,176.58,15.751337926177778,136.0,215.0,175.0,153.95,206.2,173.49273776646916,179.66726223353086,100,391.02,27.943659044729287,318.0,478.0,390.0,350.0,437.1,385.543042827233,396.49695717276694,100,381.79,29.84989213726007,325.0,455.0,376.5,334.65,439.1,375.93942114109706,387.640578858903,100,41.86,6.782359769313631,16.0,60.0,42.0,31.95,53.0,40.530657485214526,43.18934251478547,100,1.0949191565067018,25.737244600872142,14.906639406839973,8.370000000000001,102.4175593912884,22.8490832157969
38,100,779.55,53.532841803094584,666.0,925.0,774.5,698.0,879.1,769.0575630065935,790.0424369934065,100,18.86,6.5751598667049365,6.0,34.0,18.0,8.0,31.049999999999997,17.57126866612583,20.148731333874167,100,12.12,3.588083532241611,4.0,21.0,12.0,6.95,18.0,11.416735627680643,12.823264372319356,100,177.17,15.171114898804483,143.0,219.0,177.5,153.0,199.1,174.1964614798343,180.14353852016566,100,393.98,27.775063301712592,329.0,488.0,391.5,353.9,437.05,388.53608759286436,399.4239124071357,100,385.57,30.808386304165083,329.0,459.0,381.5,334.85,444.05,379.5315562843836,391.6084437156164,100,41.22,6.920296601339068,26.0,61.0,41.0,31.0,53.099999999999994,39.86362186613754,42.576378133862455,100,0.8721419236293437,24.19344493618113,15.547431210313642,6.74,102.1811862956143,22.727214418574818
39,100,786.01,54.117249252587364,668.0,930.0,782.5,705.0,881.4,775.4030191464929,796.6169808535071,100,18.86,6.948613697942369,4.0,39.0,17.0,9.95,30.0,17.498071715203295,20.221928284796704,100,12.4,3.3695007573133675,5.0,22.0,13.0,8.0,17.049999999999997,11.73957785156658,13.060422148433421,100,178.88,14.9032434948459,141.0,224.0,178.0,154.9,201.1,175.9589642750102,181.8010357249898,100,397.71,28.030032594928024,335.0,491.0,395.5,357.0,447.05,392.21611361139406,403.2038863886059,100,388.3,31.298336354922423,328.0,459.0,385.0,340.8,447.05,382.1655260744352,394.4344739255648,100,40.91,6.8299622135399725,24.0,62.0,41.0,29.95,51.05,39.57132740614616,42.24867259385383,100,0.82868321467513,23.994605666594573,15.775880713985828,6.459999999999999,102.42338398145763,22.75798017836923
40,100,792.48,54.130310409700265,672.0,932.0,787.5,715.6,888.5999999999999,781.8704591596987,803.0895408403013,100,17.82,6.2269859109647525,5.0,35.0,17.0,8.0,29.0,16.599510761450908,19.040489238549092,100,11.35,3.385575462476241,3.0,20.0,11.0,6.0,17.0,10.686427209354656,12.013572790645343,100,179.32,14.567072319433164,145.0,216.0,179.0,159.9,208.0,176.4648538253911,182.1751461746089,100,400.59,27.816532762900106,339.0,494.0,400.0,361.85,445.15,395.13795957847157,406.0420404215284,100,391.89,31.63072761244877,323.0,468.0,385.5,344.9,451.15,385.69037738796004,398.08962261203993,100,41.22,5.686382812909231,27.0,55.0,41.5,32.95,51.0,40.10546896866979,42.33453103133021,100,0.8231447437055506,22.486371895820714,14.322128003230365,6.470000000000001,102.22001071729312,22.627700383605895
41,100,797.88,56.118611759901775,672.0,948.0,794.0,719.5,899.15,786.8807520950593,808.8792479049407,100,17.34,5.915601696729034,4.0,37.0,16.5,9.95,28.0,16.18054206744111,18.49945793255889,100,11.94,3.5214207417467227,3.0,22.0,12.0,6.0,18.0,11.249801534617642,12.630198465382357,100,181.09,14.881413395456248,148.0,223.0,179.0,158.95,208.05,178.1732429744906,184.00675702550942,100,403.81,29.51790930430151,337.0,504.0,401.0,360.0,453.15,398.0244897763569,409.5955102236431,100,394.07,31.856767512785044,322.0,471.0,389.0,346.9,451.05,387.8260735674941,400.31392643250587,100,41.41,6.587553308008869,22.0,58.0,42.0,28.95,51.0,40.11883955163026,42.701160448369734,100,0.6814052089642697,21.732591367122875,14.964656339299143,5.4,102.4716420940442,22.696395447937036
42,100,801.52,56.42398658927125,671.0,944.0,797.0,717.85,914.1,790.4608986285028,812.5791013714971,100,15.62,5.771367850751402,5.0,31.0,15.0,7.0,26.049999999999997,14.488811901252724,16.751188098747274,100,11.98,3.2905742337590236,4.0,19.0,12.0,6.95,17.049999999999997,11.335047450183232,12.624952549816769,100,179.92,15.996641061564306,142.0,218.0,178.0,156.85,212.05,176.7846583519334,183.0553416480666,100,406.19,30.002927466593267,336.0,501.0,402.0,361.95,457.1,400.3094262165477,412.0705737834523,100,395.33,31.899164043383124,326.0,470.0,390.0,348.8,455.0,389.0777638474969,401.58223615250307,100,42.73,6.698190619544772,27.0,60.0,43.0,31.95,54.05,41.41715463856922,44.04284536143077,100,0.45620895372737724,19.487972851581993,14.946601457231262,3.639999999999999,102.74707206637493,22.447350034933624
43,100,805.01,57.12797878094375,675.0,946.0,796.5,726.7,918.05,793.812916158935,816.207083841065,100,15.72,6.250785809186172,1.0,31.0,15.0,6.0,26.049999999999997,14.49484598139951,16.94515401860049,100,12.23,3.8660788476912438,4.0,21.0,12.0,6.95,19.049999999999997,11.472248545852517,12.987751454147483,100,181.45,16.753335262694485,152.0,221.0,180.0,157.0,213.05,178.16634628851187,184.7336537114881,100,408.17,30.692365714152977,331.0,498.0,405.0,359.95,460.05,402.15429632002605,414.185703679974,100,396.84,32.12624088709032,324.0,472.0,391.0,349.9,457.1,390.54325678613026,403.1367432138697,100,40.86,6.663665991362745,22.0,59.0,41.0,30.0,52.0,39.5539214656929,42.1660785343071,100,0.43542269687593116,19.527707730338754,15.192357858908585,3.49,102.85505493397844,22.540092669656275
44,100,807.37,58.14639396654905,672.0,952.0,803.0,729.9,921.05,795.9733067825564,818.7666932174436,100,14.94,5.913210685072924,4.0,33.0,14.0,7.0,26.049999999999997,13.781010705725706,16.098989294274293,100,12.58,3.2973206141234175,4.0,21.0,12.0,8.0,18.049999999999997,11.93372515963181,13.22627484036819,100,183.39,14.97937639462061,152.0,222.0,182.5,162.0,215.0,180.45404222665434,186.32595777334564,100,410.11,31.422148464759918,334.0,496.0,405.0,361.95,463.25,403.9512589009071,416.26874109909295,100,397.26,32.500076145986945,325.0,472.0,391.5,351.0,459.0,390.88998507538656,403.6300149246134,100,43.11,7.363429975908035,28.0,60.0,42.0,32.0,55.0,41.66676772472202,44.55323227527798,100,0.2931640600737806,18.504527044601605,15.581455838091582,2.3599999999999994,103.234657403212,22.714492735672614
45,100,809.16,58.26892028094454,680.0,952.0,804.0,731.85,925.05,797.7392916249348,820.5807083750651,100,13.48,5.2732984713248285,2.0,25.0,13.5,5.0,22.0,12.446433499620333,14.513566500379667,100,11.69,3.5153200064111876,4.0,22.0,12.0,6.95,18.0,11.000997278743407,12.379002721256592,100,185.42,16.068778938228522,152.0,225.0,183.5,162.0,216.0,182.27051932810718,188.5694806718928,100,411.63,31.09797323611202,339.0,497.0,406.5,365.0,468.2,405.534797245722,417.725202754278,100,397.53,32.72797431907913,326.0,471.0,391.5,351.85,458.2,391.1153170334605,403.94468296653946,100,42.4,6.2667956144051224,27.0,57.0,42.0,31.95,53.05,41.171708059576595,43.6282919404234,100,0.22170751947681033,16.659251569528895,14.447080923426762,1.790000000000001,103.54690212059468,22.915121854762962
46,100,811.67,58.94117166439531,675.0,947.0,804.0,732.95,933.15,800.1175303537785,823.2224696462214,100,14.0,5.5867809346815465,2.0,25.0,14.0,5.0,24.0,12.904990936802417,15.095009063197583,100,11.49,3.427444199016774,6.0,22.0,11.0,6.95,17.0,10.818220936992713,12.161779063007288,100,186.5,16.64271005515021,148.0,229.0,187.0,161.9,216.0,183.23802882919057,189.76197117080943,100,412.93,31.791700524228368,345.0,495.0,409.5,363.95,474.29999999999995,406.69882669725126,419.16117330274875,100,398.74,32.79339056344227,330.0,474.0,394.0,351.0,461.05,392.31249544956535,405.16750455043467,100,43.68,6.867990457862688,26.0,65.0,43.0,33.95,55.14999999999999,42.33387387025891,45.02612612974109,100,0.3101982302634809,17.248389123658633,14.155999359345547,2.51,103.55870993629934,22.97731836830239
47,100,813.61,59.02026616495234,675.0,952.0,809.5,733.85,938.15,802.0420278316693,825.1779721683307,100,13.8,5.942485280851043,2.0,27.0,13.0,5.0,24.049999999999997,12.635272884953196,14.964727115046806,100,11.86,3.37255710316985,4.0,21.0,12.0,7.0,17.049999999999997,11.198978807778708,12.52102119222129,100,188.78,16.731135917531393,148.0,232.0,189.0,160.9,218.1,185.50069736016385,192.05930263983615,100,414.44,31.589961325801855,346.0,495.0,411.0,367.8,474.34999999999997,408.2483675801428,420.63163241985717,100,399.17,32.96801480222914,328.0,479.0,393.0,352.9,461.1,392.7082690987631,405.63173090123695,100,43.7,7.540463238991744,28.0,71.0,43.5,32.0,56.0,42.222069205157624,45.17793079484238,100,0.23901339214214,16.961443443418837,14.577008640503434,1.9400000000000013,103.82543778340055,23.202762994555133
48,100,816.48,60.162487053685275,681.0,958.0,809.5,733.65,942.0,804.6881525374777,828.2718474625224,100,15.02,5.212610970647352,4.0,30.0,14.0,7.95,24.049999999999997,13.998328249753119,16.04167175024688,100,12.15,3.677326103669251,5.0,23.0,12.0,6.95,18.0,11.429244083680826,12.870755916319174,100,192.55,18.153873727475666,157.0,242.0,193.0,163.9,227.1,188.9918407494148,196.10815925058523,100,416.44,31.8437853696238,345.0,499.0,414.0,368.9,481.0,410.19861806755375,422.68138193244624,100,400.04,33.76745190387939,328.0,476.0,396.0,350.0,464.2,393.4215794268397,406.65842057316036,100,43.86,7.018043124185637,30.0,66.0,42.0,35.0,59.0,42.484463547659615,45.235536452340384,100,0.35274886001892547,18.396041544189693,14.880952380952381,2.869999999999999,104.09959004099589,23.582941407015483
49,100,819.12,61.944139057996146,696.0,967.0,813.0,732.6,947.1,806.9789487446328,831.2610512553672,100,14.47,6.346008050878772,2.0,34.0,14.0,6.0,25.049999999999997,13.226182422027762,15.71381757797224,100,11.83,3.3786465522828113,5.0,18.0,12.0,7.0,18.0,11.16778527575257,12.49221472424743,100,193.7,18.275390529066648,155.0,242.0,192.0,164.0,227.0,190.11802345630292,197.28197654369706,100,417.72,32.14458497841189,353.0,504.0,414.5,370.85,481.2,411.4196613442313,424.02033865576874,100,401.4,35.51326398955634,328.0,484.0,397.5,350.85,469.1,394.43940025804693,408.360599741953,100,45.45,7.621573580198766,29.0,62.0,45.0,33.9,58.0,43.956171578281044,46.94382842171896,100,0.3233392122280909,17.665299345639223,14.442328352378162,2.6400000000000006,104.06576980568015,23.6473288407071
50,100,824.32,63.83531209845434,699.0,975.0,819.0,736.85,953.5,811.808278828703,836.8317211712971,100,17.24,5.923962637739483,5.0,37.0,17.0,9.95,27.0,16.07890332300306,18.401096676996936,100,12.04,3.074561642401936,6.0,21.0,12.0,7.95,16.049999999999997,11.43738591808922,12.642614081910779,100,196.34,18.932212941668674,154.0,241.0,195.5,167.95,227.0,192.62928626343293,200.05071373656708,100,420.86,32.10715015240517,351.0,501.0,416.5,373.85,486.0,414.5669985701286,427.15300142987144,100,403.46,37.07606704431779,328.0,492.0,398.5,348.9,474.15,396.1930908593137,410.72690914068625,100,45.18,7.165264133373597,30.0,62.0,45.5,33.95,57.05,43.775608229858776,46.584391770141224,100,0.6348276198847591,20.914208074534155,14.605978260869565,5.199999999999999,104.31269518663562,23.8184200310559
51,100,829.55,64.38887145832553,700.0,989.0,821.0,747.65,952.55,816.9297811941682,842.1702188058317,100,17.53,6.1864220824171205,7.0,38.0,17.0,8.95,27.049999999999997,16.317461271846245,18.742538728153757,100,12.3,3.4186062491706597,4.0,23.0,13.0,6.95,17.0,11.629953175162552,12.97004682483745,100,198.26,21.129050325955674,155.0,255.0,194.5,170.85,234.1,194.11870613611268,202.4012938638873,100,423.62,32.17338758487935,349.0,509.0,419.5,375.9,488.15,417.31401603336366,429.92598396663635,100,405.93,37.63494373450012,331.0,497.0,403.0,355.85,478.2,398.553551028038,413.306448971962,100,45.87,6.588411926797817,31.0,65.0,46.0,35.95,57.05,44.578671262347626,47.16132873765237,100,0.6344623447204878,21.131939003073956,14.82731601470677,5.23,104.35789421821495,23.899704659152555
52,100,835.29,66.07530063144134,711.0,1005.0,827.0,753.5,954.5999999999999,822.3392410762375,848.2407589237624,100,17.35,5.961789101681583,3.0,42.0,18.0,7.95,27.0,16.18148933607041,18.518510663929593,100,11.61,4.36444542162963,2.0,26.0,12.0,4.95,18.0,10.754568697360591,12.465431302639407,100,200.31,19.46335328796457,157.0,261.0,198.0,176.85,237.14999999999998,196.49518275555894,204.12481724444106,100,426.65,33.22600144039562,352.0,519.0,421.5,378.9,491.05,420.1377037176824,433.1622962823175,100,408.64,38.15876456505521,334.0,504.0,403.5,359.95,483.29999999999995,401.16088214524916,416.1191178547508,100,46.28,6.9617715149423445,32.0,65.0,45.0,37.0,58.0,44.9154927830713,47.6445072169287,100,0.6919414140196478,20.771229153946535,13.899364292640879,5.740000000000002,104.40730227094753,23.98089286355637
53,100,840.48,66.49834508459516,718.0,1020.0,832.5,759.0,964.9,827.4463243634194,853.5136756365806,100,17.0,6.101829498791591,6.0,31.0,16.0,9.0,28.0,15.804041418236848,18.19595858176315,100,11.81,3.44566775279136,5.0,22.0,12.0,7.0,17.049999999999997,11.134649120452893,12.485350879547108,100,201.95,19.70611093241911,165.0,274.0,201.0,171.9,237.2,198.08760225724583,205.81239774275414,100,429.43,33.08490912971067,360.0,520.0,425.5,382.95,495.15,422.9453578105767,435.9146421894233,100,411.05,38.40806286353548,338.0,510.0,405.5,359.95,480.2,403.5220196787471,418.57798032125294,100,47.54,7.529631699847845,30.0,69.0,47.5,35.9,61.0,46.06419218682982,49.01580781317018,100,0.6213410911180661,20.22653721682848,14.051494384161431,5.1899999999999995,104.47147548959981,24.02793641728536
54,100,846.28,68.87378003099275,718.0,1038.0,838.0,755.95,980.75,832.7807391139254,859.7792608860746,100,17.66,6.852294461998797,4.0,35.0,17.0,6.0,28.049999999999997,16.316950285448236,19.003049714551764,100,11.86,3.372557103169851,5.0,22.0,12.0,6.0,17.0,11.198978807778708,12.52102119222129,100,204.83,19.807689048814996,163.0,261.0,203.5,178.95,235.34999999999997,200.94769294643228,208.71230705356774,100,432.65,34.31122412578865,365.0,528.0,429.5,385.0,505.05,425.9250000713454,439.3749999286546,100,413.63,39.41174900452858,338.0,511.0,409.0,359.85,484.29999999999995,405.9052971951124,421.3547028048876,100,47.27,7.475015624455817,29.0,71.0,47.0,36.0,59.05,45.804896937606664,48.73510306239334,100,0.6900818579859136,20.867797891950655,14.01427423547762,5.800000000000001,104.59831250151102,24.203573285437447
55,100,852.1,70.33261524838079,724.0,1056.0,841.0,761.7,986.2499999999999,838.3148074113174,865.8851925886827,100,18.16,6.338466819047144,6.0,34.0,17.0,9.0,30.049999999999997,16.91766050346676,19.40233949653324,100,12.34,3.6047667655957207,6.0,22.0,12.0,7.0,19.0,11.633465713943238,13.046534286056762,100,206.79,20.43382766716293,159.0,251.0,207.5,173.95,240.0,202.78496977723606,210.79503022276393,100,435.46,34.99968831030045,370.0,539.0,433.0,387.8,505.34999999999997,428.6000610911811,442.31993890881887,100,416.64,40.487064900316305,339.0,517.0,413.0,359.9,493.34999999999997,408.704535279538,424.575464720462,100,47.7,7.64951969179448,32.0,76.0,47.0,37.0,62.05,46.20069414040829,49.19930585959172,100,0.6877156496667869,21.312052575988734,14.48186832531393,5.82,104.51708909370198,24.268278371083206
56,100,859.02,71.8462134272808,729.0,1061.0,849.0,763.95,992.4499999999999,844.938142168253,873.101857831747,100,18.81,6.43961069153919,5.0,40.0,18.5,9.95,29.099999999999994,17.54783630445832,20.07216369554168,100,11.89,3.460878034209927,4.0,22.0,12.0,6.95,19.0,11.211667905294854,12.568332094705147,100,208.51,21.145716188658948,165.0,259.0,208.5,178.9,244.14999999999998,204.36543962702285,212.65456037297713,100,439.05,35.476660417004226,377.0,542.0,437.0,390.85,508.4,432.0965745582672,446.0034254417328,100,419.97,41.25712794246112,339.0,526.0,414.5,361.9,499.25,411.88360292327764,428.0563970767224,100,48.52,7.715234830181677,30.0,67.0,47.5,36.0,64.0,47.00781397328439,50.032186026715614,100,0.8121112545475873,21.89704547041978,13.841354101185072,6.919999999999998,104.54318165583257,24.273008777444062
57,100,864.36,72.23761576431723,733.0,1069.0,856.5,769.45,991.3499999999999,850.2014273101938,878.5185726898062,100,17.08,5.580775081030457,8.0,35.0,16.5,9.0,28.0,15.98616808411803,18.17383191588197,100,11.74,3.6114856060668834,3.0,24.0,11.0,6.95,17.0,11.03214882121089,12.44785117878911,100,209.03,20.014366052534577,169.0,262.0,209.5,176.0,246.05,205.10718425370322,212.95281574629678,100,441.92,36.22340333948413,371.0,550.0,439.0,390.85,514.05,434.82021294546115,449.0197870545389,100,422.44,41.03664782418838,340.0,523.0,415.0,362.95,499.2,414.3968170264591,430.4831829735409,100,49.33,8.258518711798825,34.0,68.0,48.0,37.0,65.05,47.71133033248743,50.94866966751257,100,0.6216386114409556,19.760285066407516,13.582303669767226,5.339999999999998,104.61130574756179,24.183210699245684
58,100,868.38,72.88676425826849,734.0,1074.0,860.0,772.95,998.3,854.0941942053794,882.6658057946206,100,16.2,5.790971726347275,6.0,32.0,16.0,7.0,27.0,15.064969541635934,17.335030458364066,100,12.18,3.8307105652011133,5.0,25.0,12.5,6.0,18.099999999999994,11.429180729220581,12.930819270779418,100,211.25,21.493891544747633,166.0,271.0,211.5,177.95,249.25,207.03719725722945,215.46280274277055,100,443.93,36.268431051109594,370.0,552.0,443.5,392.0,517.25,436.82138751398253,451.0386124860175,100,424.45,41.50316405122176,342.0,526.0,416.0,365.75,497.05,416.31537984596054,432.58462015403944,100,48.71,7.177820777304983,30.0,66.0,48.5,37.0,59.0,47.303147127648224,50.11685287235178,100,0.4650839927807793,18.655427347474607,14.026117598286465,4.02,104.58946872423137,24.32690757502476
59,100,873.19,73.78753213782053,732.0,1089.0,861.5,775.95,1011.65,858.7276437009872,887.6523562990129,100,16.67,5.624719970582959,7.0,32.0,16.0,9.0,28.0,15.567554885765741,17.772445114234262,100,11.86,3.69553374994326,3.0,21.0,12.0,6.0,17.049999999999997,11.13567538501112,12.584324614988878,100,211.66,21.623602891752384,163.0,267.0,210.0,179.0,253.1,207.42177383321652,215.89822616678347,100,446.78,37.282860903794884,372.0,563.0,446.0,394.85,519.15,439.4725592628562,454.08744073714377,100,426.41,41.28812165622203,340.0,536.0,418.5,369.7,499.29999999999995,418.3175281553805,434.50247184461955,100,49.16,7.753422183497785,34.0,76.0,49.0,37.0,60.05,47.640329252034434,50.67967074796556,100,0.5539049724774925,19.090919502055684,13.582381841294563,4.810000000000002,104.77709246968878,24.23985615959871
60,100,877.37,74.764499624089,731.0,1094.0,869.0,781.0,1020.4499999999999,862.7161580736786,892.0238419263214,100,15.95,5.6539518672492886,6.0,29.0,16.0,8.0,26.049999999999997,14.841825434019139,17.05817456598086,100,11.77,3.372062882095777,4.0,20.0,12.0,6.0,17.0,11.109075675109228,12.430924324890771,100,212.7,21.627937413624924,159.0,276.0,210.0,183.8,250.2,208.4609242669295,216.93907573307047,100,448.83,38.02313357508409,370.0,573.0,449.0,399.7,524.2,441.3774658192835,456.2825341807165,100,428.54,41.64069978744208,337.0,538.0,420.0,371.0,503.25,420.37842284166135,436.7015771583387,100,49.69,8.856538987001798,28.0,73.0,49.0,37.0,65.0,47.954118358547646,51.42588164145235,100,0.47870452020750687,18.179331410921275,13.415092834266044,4.18,104.73468054323982,24.242907781209748
61,100,881.31,76.67835154696269,732.0,1101.0,871.0,784.95,1034.85,866.2810430967953,896.3389569032046,100,16.04,5.6549254476236746,3.0,38.0,16.0,8.0,26.0,14.931634612265759,17.148365387734238,100,12.1,3.1638743669907328,4.0,20.0,12.0,7.0,17.049999999999997,11.479880624069816,12.720119375930183,100,214.17,21.54302952725362,160.0,272.0,211.5,184.8,257.1,209.94756621265827,218.3924337873417,100,450.85,39.01809344601061,366.0,579.0,448.5,398.9,527.1,443.20245368458194,458.4975463154181,100,430.46,42.65113827273073,338.0,544.0,422.5,369.95,505.25,422.10037689854477,438.8196231014552,100,48.91,8.183618769323028,35.0,68.0,48.0,36.95,65.0,47.30601072121269,50.51398927878731,100,0.44906937779956024,18.20017927857394,13.729561675233459,3.9399999999999995,104.73679319797427,24.301324165163223
62,100,883.27,77.32299499861317,734.0,1104.0,874.5,780.95,1041.75,868.1146929802718,898.4253070197282,100,14.32,5.428841794740682,4.0,28.0,13.0,6.95,23.14999999999999,13.255947008230827,15.384052991769174,100,12.36,3.400891148810942,5.0,21.0,12.0,7.0,17.049999999999997,11.693425334833055,13.026574665166944,100,216.07,22.009297851571546,164.0,271.0,212.5,186.85,257.0,211.75617762109198,220.383822378908,100,451.9,39.647053974903216,365.0,581.0,449.0,398.8,530.15,444.12917742091895,459.670822579081,100,431.37,42.670609429570014,340.0,545.0,425.0,368.0,508.0,423.0065605518043,439.7334394481957,100,49.69,8.17695085300904,31.0,75.0,49.0,36.0,63.0,48.087317632810226,51.29268236718977,100,0.2223962056484119,16.212483159169903,13.993456134590781,1.9600000000000009,104.75925539560005,24.46250863269442
63,100,886.91,76.97462457383492,748.0,1108.0,876.0,786.75,1045.55,871.8229735835283,901.9970264164716,100,15.8,6.2732396218808155,2.0,38.0,14.0,6.95,26.0,14.57044503411136,17.02955496588864,100,12.16,3.617354354393902,6.0,23.0,12.0,7.95,18.049999999999997,11.450998546538795,12.869001453461205,100,216.48,20.651744368322632,171.0,259.0,213.5,184.95,253.05,212.43225810380875,220.52774189619123,100,453.89,39.31609663414534,377.0,583.0,450.5,400.95,534.15,446.1840450597075,461.5959549402925,100,433.02,42.59154845741112,350.0,558.0,425.5,372.0,508.1,424.6720565023474,441.36794349765256,100,50.39,8.275429129219056,26.0,74.0,50.0,38.0,64.1,48.76801589067306,52.01198410932694,100,0.41210501885040607,17.814659886572482,13.710523051944392,3.6400000000000006,104.81963881575909,24.40833906484311
64,100,890.32,78.55357561832716,744.0,1124.0,880.5,786.8,1055.1,874.9234991788079,905.7165008211922,100,15.73,5.842814805253102,4.0,40.0,15.0,8.0,26.0,14.584808298170392,16.875191701829607,100,12.32,3.5953954840696856,4.0,21.0,12.0,7.0,19.0,11.615302485122342,13.024697514877658,100,215.9,21.222010681689365,168.0,281.0,214.0,183.7,251.0,211.7404859063889,220.0595140936111,100,455.45,40.29997994836206,383.0,595.0,452.0,401.9,537.25,447.551203930121,463.348796069879,100,434.87,42.8664015732413,355.0,571.0,427.5,374.0,510.15,426.4681852916447,443.2718147083553,100,50.22,8.233437614356166,32.0,74.0,50.0,37.0,64.05,48.60624622758619,51.83375377241381,100,0.3844809507165481,17.66780483421691,13.837721268757301,3.41,104.73244877779567,24.24970797016803
65,100,893.51,79.37896510417669,741.0,1119.0,885.5,790.0,1058.0,877.9517228395814,909.0682771604186,100,15.9,6.272434482992576,2.0,28.0,15.0,7.0,27.0,14.670602841333455,17.129397158666546,100,12.71,3.8383892876091035,4.0,24.0,12.0,7.0,20.0,11.957675699628616,13.462324300371385,100,214.44,21.80043554379109,175.0,293.0,210.5,182.95,252.29999999999998,210.16711463341696,218.71288536658304,100,457.22,41.15223768723478,383.0,594.0,453.0,403.9,539.05,449.154161413302,465.28583858669805,100,436.29,43.100374977862124,355.0,568.0,427.5,374.0,512.25,427.84232650433904,444.737673495661,100,51.09,8.256121083991886,31.0,74.0,51.0,38.95,64.05,49.471800267537596,52.70819973246241,100,0.35829813999459503,17.794988304551712,14.224798827097628,3.1899999999999995,104.79726787228678,23.99973139640295
66,100,895.78,81.26531930172995,740.0,1140.0,890.0,787.95,1056.55,879.8519974168609,911.7080025831391,100,14.82,5.551194247705405,3.0,31.0,14.5,6.95,24.099999999999994,13.73196592744974,15.90803407255026,100,12.55,3.2794893665097473,5.0,19.0,12.5,7.0,18.0,11.90722008416409,13.192779915835912,100,215.75,22.100036564712198,168.0,290.0,213.0,182.95,258.05,211.4183928333164,220.0816071666836,100,458.51,42.119957360861704,382.0,604.0,454.0,400.95,539.2,450.2544883572711,466.7655116427289,100,437.27,43.61050170068969,355.0,569.0,430.5,371.9,517.25,428.7223416666648,445.81765833333515,100,49.6,7.494105427708912,29.0,69.0,50.0,37.95,61.05,48.13115533616905,51.06884466383095,100,0.25405423554296647,16.544240773404187,14.010136417423922,2.2699999999999996,104.85741075308161,24.085154837125188
67,100,898.13,81.84558693668279,742.0,1151.0,890.5,789.85,1059.05,882.0882649604101,914.1717350395899,100,15.13,5.434002561499565,4.0,31.0,15.0,7.0,24.0,14.064935497946086,16.195064502053917,100,12.78,3.5293287770001838,7.0,23.0,13.0,8.0,19.0,12.088251559707963,13.471748440292036,100,215.81,22.901940723198305,164.0,295.0,214.0,181.8,257.0,211.32121961825314,220.29878038174687,100,459.77,42.70898824331568,380.0,608.0,456.0,399.0,540.05,451.3990383043101,468.14096169568984,100,438.36,43.59443945637048,355.0,569.0,433.0,373.8,515.25,429.8154898665514,446.90451013344864,100,51.21,7.93953793531227,31.0,66.0,50.0,38.0,63.05,49.6538505646788,52.7661494353212,100,0.2623411998481817,16.846113591573605,14.229565875764088,2.3500000000000014,104.88411351400674,24.028815427610702
68,100,903.27,82.6283947330554,755.0,1160.0,893.5,790.95,1067.3,887.0748346323211,919.4651653676789,100,17.15,6.246413112152987,2.0,42.0,17.0,8.95,27.0,15.925703030018013,18.374296969981984,100,12.01,3.3769719267324976,5.0,20.0,12.0,7.0,18.049999999999997,11.34811350236043,12.67188649763957,100,217.42,24.095424772132468,165.0,285.0,215.0,181.0,253.14999999999998,212.69729674466203,222.14270325533795,100,462.67,42.67165098727489,379.0,612.0,459.5,402.85,536.15,454.30635640649416,471.0336435935059,100,440.6,44.65965571390859,361.0,576.0,434.0,381.3,517.35,431.8467074800739,449.35329251992613,100,50.88,8.42708476139629,32.0,79.0,50.0,37.95,67.0,49.22829138676633,52.531708613233675,100,0.5723002237983277,18.986571014203946,13.296135153387139,5.139999999999999,105.00907852927826,24.07032227351733
69,100,907.36,82.90246429303889,747.0,1170.0,899.5,798.7,1073.4,891.1111169985644,923.6088830014356,100,16.54,5.405608759483622,4.0,31.0,16.0,8.9,26.0,15.480500683141209,17.59949931685879,100,12.45,3.4999999999999996,5.0,26.0,12.0,7.0,19.0,11.764,13.136,100,220.01,23.635059987359043,169.0,286.0,218.5,183.95,257.59999999999997,215.3775282424776,224.64247175752237,100,465.14,42.64583298174712,381.0,616.0,461.0,405.85,541.0,456.7814167355775,473.49858326442245,100,442.22,44.76641508086077,355.0,576.0,434.0,387.35,518.4,433.44578264415134,450.9942173558487,100,50.07,8.580286308236639,33.0,68.0,48.5,35.95,64.05,48.38826388358562,51.75173611641438,100,0.45279927374981543,18.22870745900194,13.721125022041965,4.09,105.18294061779203,24.247266795979545
70,100,910.65,83.94447118437428,745.0,1169.0,902.5,805.35,1089.2,894.1968836478626,927.1031163521374,100,16.1,5.831817984994132,5.0,30.0,16.0,7.0,26.0,14.956963674941152,17.243036325058853,100,12.81,3.603295349223731,6.0,25.0,12.0,8.0,18.0,12.10375411155215,13.516245888447852,100,221.55,24.72449200793628,172.0,293.0,222.0,187.75,261.15,216.7039995664445,226.3960004335555,100,466.95,43.168772617401686,382.0,615.0,460.5,406.95,546.1,458.48892056698924,475.41107943301074,100,443.7,45.45893918158619,356.0,580.0,434.0,386.45,522.5,434.7900479204091,452.60995207959087,100,50.05,7.4676068131062925,31.0,67.0,50.0,37.8,62.0,48.586349064631165,51.51365093536883,100,0.3625903720684054,17.6796793499149,14.066875308845331,3.290000000000001,105.24002704530089,24.32877614890463
71,100,915.22,85.12801767890166,735.0,1189.0,907.0,805.65,1096.05,898.5349085349353,931.9050914650647,100,17.11,6.9962399713970465,5.0,40.0,15.0,8.0,30.049999999999997,15.738736965606178,18.48126303439382,100,12.54,3.5231413898004798,5.0,22.0,12.0,7.0,18.0,11.849464287599105,13.230535712400894,100,222.82,25.18833303758153,172.0,307.0,223.0,186.9,262.0,217.883086724634,227.75691327536597,100,469.13,43.583347528823225,380.0,626.0,465.0,410.9,549.15,460.58766388435066,477.67233611564933,100,446.09,46.291150407616854,355.0,580.0,436.0,385.75,531.25,437.0169345201071,455.16306547989285,100,52.09,8.392029648193674,36.0,71.0,52.0,39.0,67.0,50.44516218895404,53.73483781104596,100,0.5018393455224368,18.694958589191668,13.701623653329253,4.57,105.16487704274921,24.346058871091103
72,100,919.78,87.29441418255092,734.0,1195.0,911.0,805.95,1104.05,902.67029482022,936.88970517978,100,17.79,6.632175930700087,4.0,40.0,17.0,9.0,29.0,16.490093517582782,19.089906482417216,100,13.23,3.6427733912224047,5.0,24.0,13.0,7.0,19.0,12.51601641532041,13.943983584679591,100,222.95,24.4455176532086,174.0,300.0,221.0,187.95,264.0,218.1586785399711,227.74132146002887,100,471.25,44.22860151439554,384.0,631.0,467.5,410.9,552.05,462.58119410317846,479.91880589682154,100,448.53,47.61916577907418,350.0,592.0,440.0,386.8,529.4,439.1966435073014,457.86335649269853,100,52.04,7.969537963617173,36.0,81.0,53.0,40.0,64.05,50.47797055913103,53.60202944086897,100,0.4982408601210686,19.341581682576265,14.383874404748964,4.559999999999999,105.0654359797561,24.23949205244732
73,100,924.32,88.2981496540173,750.0,1206.0,913.0,814.55,1098.05,907.0135626678126,941.6264373321875,100,16.44,5.774062519560901,5.0,33.0,16.0,8.0,26.049999999999997,15.308283746166065,17.571716253833937,100,11.9,3.373994425579032,4.0,23.0,11.5,7.0,17.049999999999997,11.23869709258651,12.561302907413491,100,222.03,23.072768066762738,178.0,289.0,220.5,186.0,262.34999999999997,217.5077374589145,226.5522625410855,100,473.72,44.46291838275026,384.0,638.0,472.0,410.95,554.15,465.005267996981,482.43473200301906,100,450.6,48.39045736130589,361.0,599.0,441.0,383.9,535.8499999999999,441.11547035718405,460.084529642816,100,53.19,10.116188646287332,33.0,79.0,53.5,37.95,71.05,51.20722702532768,55.17277297467231,100,0.4935962947661521,17.78604812186256,12.874329236628007,4.540000000000001,105.13093652907234,24.020901852172408
74,100,928.97,89.72826035910151,753.0,1212.0,916.5,810.9,1102.8,911.3832609696161,946.5567390303839,100,17.07,5.927601930499774,5.0,31.0,16.0,7.95,27.049999999999997,15.908190021622044,18.231809978377957,100,12.42,3.7394430525727147,3.0,28.0,12.0,6.95,18.049999999999997,11.687069161695748,13.152930838304252,100,224.27,24.034005790617478,170.0,302.0,222.5,189.0,264.05,219.55933486503898,228.98066513496104,100,476.12,45.52195163663439,386.0,646.0,473.0,410.9,553.4,467.19769747921964,485.04230252078037,100,452.85,48.87902506095116,364.0,605.0,444.0,385.85,539.4,443.2697110880536,462.43028891194643,100,51.73,7.36474676750633,38.0,72.0,51.0,40.95,65.14999999999999,50.286509633568755,53.17349036643124,100,0.5030725289942861,18.37518972625596,13.369645951968309,4.65,105.13856685436677,24.14179144644068
75,100,933.62,90.39350338683337,759.0,1221.0,923.5,811.75,1106.95,915.9028733361806,951.3371266638194,100,17.16,5.904492383179972,6.0,34.0,17.0,8.95,28.049999999999997,16.002719492896727,18.317280507103273,100,12.51,3.5089927761439332,5.0,24.0,12.0,6.95,18.099999999999994,11.822237415875788,13.197762584124211,100,226.22,25.25929371918224,185.0,308.0,221.0,192.0,274.05,221.26917843104027,231.17082156895972,100,477.85,45.606435617103095,377.0,646.0,475.0,411.9,556.2,468.9111386190478,486.78886138095226,100,455.77,49.27962986054095,365.0,610.0,446.5,387.75,544.1,446.1111925473339,465.42880745266604,100,51.94,8.317949436506742,34.0,79.0,52.0,39.95,67.0,50.309681910444674,53.57031808955532,100,0.5005543774287524,18.38006897881365,13.399455881407853,4.65,104.84454878557167,24.23041494398149
76,100,937.43,91.89863267137704,768.0,1230.0,922.5,808.0,1109.35,919.41786799641,955.4421320035899,100,15.87,5.93509507382599,3.0,29.0,15.0,7.95,26.049999999999997,14.706721365530106,17.033278634469895,100,12.06,3.5726797231266625,3.0,20.0,12.0,6.95,17.049999999999997,11.359754774267175,12.760245225732826,100,228.04,24.074346126408948,179.0,296.0,226.0,191.9,272.1,223.32142815922384,232.75857184077614,100,480.13,46.47594251140295,374.0,650.0,479.0,412.0,562.4,471.020715267765,489.239284732235,100,457.3,49.602561843257064,370.0,606.0,448.0,390.35,549.25,447.5778978787216,467.0221021212784,100,52.75,8.51662070793506,34.0,82.0,51.5,39.95,67.1,51.08074234124473,54.41925765875527,100,0.40808894411001884,16.92926405171586,12.864960583723587,3.8099999999999987,104.99234638093155,24.326083014198392
77,100,941.47,92.43850863567563,769.0,1244.0,933.5,815.6,1106.75,923.3520523074076,959.5879476925925,100,16.7,6.5958358458235224,4.0,39.0,16.0,6.95,27.049999999999997,15.40721617421859,17.99278382578141,100,12.66,4.033245678987421,5.0,25.0,12.0,7.0,19.0,11.869483846918465,13.450516153081535,100,229.87,26.966367005863983,185.0,324.0,226.0,194.95,280.29999999999995,224.58459206685066,235.15540793314935,100,482.83,46.50796716801337,383.0,655.0,483.0,415.95,568.15,473.7144384350694,491.9455615649306,100,458.64,49.92165984031502,368.0,608.0,453.0,392.2,549.15,448.85535467129824,468.42464532870173,100,51.76,8.246358241213162,34.0,76.0,52.0,40.0,66.0,50.143713784722216,53.37628621527778,100,0.4309655120915856,17.73821789329453,13.447056199347829,4.039999999999999,105.27428920286064,24.41607273731505
78,100,945.84,92.06713843602385,772.0,1245.0,938.0,826.65,1125.95,927.7948408665394,963.8851591334607,100,17.02,6.614920386306377,3.0,36.0,17.0,7.95,29.049999999999997,15.72347560428395,18.316524395716048,100,12.65,3.571421356414069,5.0,21.0,12.0,7.95,19.049999999999997,11.950001414142843,13.349998585857158,100,228.93,27.001778841514504,185.0,323.0,226.0,191.9,282.0,223.63765134706316,234.22234865293686,100,485.95,46.36708493809554,399.0,661.0,484.0,418.95,575.05,476.8620513521333,495.0379486478667,100,459.89,49.9318515376688,367.0,610.0,453.0,392.4,546.5999999999999,450.1033570986169,469.67664290138305,100,54.79,9.257587660558732,38.0,82.0,54.0,42.95,73.0,52.97551281853049,56.60448718146951,100,0.46416773768680475,17.994586822295524,13.374355070625054,4.369999999999999,105.66657244123594,24.203882263384926
79,100,949.84,93.8467179215473,773.0,1259.0,942.0,823.95,1147.2,931.4460432873767,968.2339567126234,100,16.85,7.004147400510702,3.0,37.0,15.5,7.95,29.0,15.477187109499903,18.222812890500098,100,12.85,3.921901723821383,3.0,22.0,13.0,6.0,20.0,12.08130726213101,13.61869273786899,100,230.25,26.930653557054665,177.0,314.0,230.5,190.85,271.1,224.9715919028173,235.5284080971827,100,487.76,47.145405851782556,402.0,663.0,487.5,417.95,578.05,478.5195004530506,497.00049954694936,100,462.08,50.73971607999781,367.0,604.0,454.5,392.5,547.65,452.1350156483204,472.02498435167956,100,52.99,9.0815552888614,34.0,76.0,51.5,41.0,69.05,51.21001516338317,54.769984836616835,100,0.4229045081620475,17.73982986608271,13.528594289564557,4.000000000000002,105.55747922437672,24.240924787332602
80,100,951.77,95.01343392522253,777.0,1273.0,943.5,819.95,1147.35,933.1473669506564,970.3926330493435,100,15.7,5.783117190965824,5.0,29.0,15.0,7.95,26.0,14.566509030570698,16.833490969429302,100,13.77,3.9411196686251793,5.0,26.0,14.0,7.95,20.0,12.997540544949464,14.542459455050535,100,231.22,26.17407924345046,182.0,330.0,228.5,193.0,280.05,226.0898804682837,236.3501195317163,100,488.82,47.84832517677314,404.0,676.0,488.0,416.0,576.05,479.4417282653525,498.1982717346475,100,462.95,51.28852333868296,371.0,607.0,456.5,385.65,548.6999999999999,452.8974494256181,473.00255057438187,100,53.26,8.42749228790073,35.0,80.0,53.0,41.0,68.0,51.608211511571454,54.91178848842854,100,0.20319211656698588,16.495581915798983,14.467781081563823,1.9299999999999997,105.58807646614106,24.293684398541664
81,100,953.44,94.34027386396158,781.0,1277.0,947.5,823.75,1141.1,934.9493063226636,971.9306936773365,100,15.49,6.358792528793687,4.0,34.0,14.0,6.95,29.0,14.243676664356437,16.73632333564356,100,13.82,3.8069049439834,5.0,24.0,14.0,8.0,21.0,13.073846630979254,14.566153369020746,100,232.63,26.88909320399878,183.0,328.0,229.5,194.8,278.1,227.35973773201624,237.90026226798375,100,489.58,47.823366082223274,407.0,679.0,489.0,418.9,573.4,480.20662024788425,498.9533797521157,100,463.86,50.784754731428144,372.0,604.0,459.0,383.95,545.35,453.9061880726401,473.81381192735995,100,53.39,8.901134872599226,35.0,77.0,53.0,39.9,69.0,51.64537756497055,55.13462243502945,100,0.1754625592317538,16.24643396543044,14.494881691558987,1.67,105.5447764411676,24.399018291659672
82,100,955.93,95.41533398566479,784.0,1278.0,945.0,831.45,1150.0,937.2285945388096,974.6314054611903,100,15.47,5.946656814776456,3.0,32.0,15.0,7.95,27.0,14.304455264303815,16.635544735696186,100,12.98,4.002473982401132,4.0,24.0,13.0,7.0,20.0,12.195515099449379,13.764484900550622,100,232.39,25.862845312856965,179.0,316.0,231.5,193.9,275.2,227.32088231868002,237.45911768131995,100,490.95,48.32933630285799,407.0,678.0,488.0,421.75,578.35,481.4774500846398,500.42254991536015,100,464.98,51.35496985972174,372.0,602.0,459.5,380.0,556.5,454.91442590749455,475.0455740925055,100,53.82,8.73675621102644,30.0,78.0,54.0,41.85,68.0,52.10759578263882,55.53240421736118,100,0.26115959053532034,16.183193330055552,13.57840009205695,2.49,105.58518645963267,24.310357452951575
83,100,959.16,96.14569331714418,781.0,1279.0,950.5,832.35,1146.5,940.3154441098397,978.0045558901602,100,16.19,6.55003277037064,2.0,36.0,16.0,7.0,27.049999999999997,14.906193577007356,17.473806422992645,100,12.96,3.4871191548325386,6.0,25.0,12.5,7.95,19.049999999999997,12.276524645652824,13.643475354347178,100,231.53,26.101764714519234,183.0,311.0,230.0,194.85,276.25,226.41405411595423,236.64594588404577,100,492.67,48.39798288642562,405.0,674.0,490.0,418.85,582.05,483.1839953542606,502.1560046457394,100,466.49,51.95034439566577,364.0,605.0,459.0,385.0,560.5999999999999,456.3077324984495,476.6722675015505,100,55.09,8.522216954418715,35.0,79.0,54.0,42.9,71.0,53.41964547693394,56.76035452306607,100,0.3378908497484234,16.879352767004463,13.511822844989366,3.2300000000000004,105.61212459002336,24.138829809416574
84,100,960.53,96.57063725479904,784.0,1291.0,950.5,826.8,1146.45,941.6021550980594,979.4578449019406,100,15.29,6.179626022485324,5.0,36.0,14.5,7.0,27.049999999999997,14.078793299592876,16.501206700407124,100,13.92,3.868233747233009,5.0,23.0,14.0,8.0,21.0,13.16182618554233,14.67817381445767,100,231.04,27.389048906451645,177.0,312.0,229.0,188.9,284.0,225.67174641433547,236.4082535856645,100,493.43,48.79771790491101,408.0,685.0,490.5,419.0,580.2,483.86564729063747,502.99435270936254,100,467.1,51.82673152929963,365.0,606.0,456.0,387.75,559.4,456.9419606202573,477.25803937974274,100,55.43,9.114595909082235,35.0,78.0,55.0,42.0,72.05,53.643539201819884,57.216460798180115,100,0.14283331248174935,15.918295107909174,14.49199920877016,1.3699999999999992,105.63690858488546,24.05338719248748
85,100,963.06,97.84690371011526,787.0,1300.0,949.0,827.95,1142.1999999999998,943.8820068728173,982.2379931271826,100,15.98,5.967893897830086,7.0,35.0,15.0,7.0,26.049999999999997,14.810292796025303,17.149707203974696,100,13.45,4.013550281058636,4.0,23.0,13.0,7.0,21.0,12.663344144912507,14.236655855087491,100,233.12,27.362984656154183,167.0,312.0,230.5,195.9,285.05,227.7568550073938,238.4831449926062,100,494.99,49.49737162698438,409.0,690.0,489.5,420.0,583.25,485.2885151611111,504.6914848388889,100,468.07,52.343321764417404,361.0,611.0,458.0,391.9,558.6999999999999,457.81070893417416,478.3292910658258,100,53.77,9.606242709295813,36.0,85.0,53.0,40.95,68.05,51.88717642897802,55.65282357102198,100,0.2633962499869913,16.592943326480178,13.965900359271489,2.530000000000001,105.75127651846947,24.206176146865204
86,100,966.65,98.76698166222691,795.0,1314.0,951.5,837.6,1144.1999999999998,947.2916715942035,986.0083284057964,100,16.59,5.993422320436889,5.0,32.0,17.0,8.0,27.0,15.41528922519437,17.76471077480563,100,13.0,3.1877289975178504,4.0,21.0,13.0,9.0,18.0,12.375205116486502,13.624794883513498,100,232.66,26.588605442819663,180.0,315.0,228.0,199.9,289.2,227.44863333320734,237.87136666679265,100,496.74,49.9946704230268,408.0,699.0,492.5,421.95,581.8499999999999,486.9410445970868,506.53895540291325,100,469.91,52.541295927848765,362.0,615.0,458.5,393.85,560.8,459.61190599814165,480.2080940018584,100,55.05,9.121375715838864,30.0,76.0,54.5,39.95,70.0,53.26221035969558,56.837789640304415,100,0.37277012854859404,17.1623648683598,13.448507732891947,3.59,105.70960396671703,24.068690839497233
87,100,969.39,99.67603026857064,802.0,1316.0,959.0,840.8,1147.1,949.8534980673602,988.9265019326398,100,16.37,6.11118365429854,4.0,33.0,16.0,6.95,26.0,15.172208003757486,17.567791996242516,100,13.63,4.004177111896318,6.0,23.0,13.0,7.95,21.0,12.845181286068323,14.414818713931679,100,233.7,26.8292392886582,179.0,316.0,232.0,197.75,281.45,228.441469099423,238.958530900577,100,498.44,50.73028701083821,406.0,697.0,496.5,423.95,579.3,488.4968637458757,508.3831362541243,100,470.95,52.70834081925927,363.0,619.0,462.0,397.95,561.9499999999999,460.6191651994252,481.2808348005748,100,55.02,8.790467748210173,37.0,81.0,53.0,44.0,72.05,53.29706832135081,56.7429316786492,100,0.28345316298556966,16.886908261896657,14.060388491731915,2.74,105.83713770039283,24.107944171076657
88,100,971.71,101.10443595459583,799.0,1329.0,961.5,839.9,1154.3,951.8935305528993,991.5264694471008,100,16.12,6.000471361956206,5.0,31.0,15.0,8.0,28.0,14.943907613056584,17.296092386943418,100,13.8,3.4902461491731755,7.0,23.0,14.0,8.0,19.0,13.115911754762058,14.484088245237944,100,234.15,26.737170056426365,184.0,309.0,227.0,199.9,288.34999999999997,228.90951466894043,239.39048533105958,100,499.59,51.27093708816906,401.0,703.0,496.0,429.75,585.75,489.54089633071885,509.6391036692811,100,472.12,53.776056404539766,367.0,626.0,461.0,399.95,563.15,461.5798929447102,482.6601070552898,100,55.4,9.035284369424332,28.0,76.0,56.0,41.8,69.05,53.62908426359283,57.17091573640717,100,0.23932576156140417,16.589311625896613,14.20176801720678,2.3200000000000003,105.81843599084976,24.09669551615194
89,100,974.7,101.91593882145514,803.0,1332.0,963.5,837.8,1151.35,954.7244759909948,994.6755240090052,100,16.27,6.170727573623615,4.0,33.0,15.5,8.0,28.0,15.06053739556977,17.47946260443023,100,13.28,4.10242598835116,3.0,25.0,13.0,7.0,20.0,12.475924506283173,14.084075493716826,100,234.28,27.45872200488242,180.0,309.0,232.0,197.0,279.34999999999997,228.89809048704305,239.66190951295695,100,501.27,51.777467701850405,404.0,714.0,498.0,431.95,587.65,491.1216163304373,511.4183836695627,100,473.43,54.48718781845541,366.0,618.0,462.0,400.9,574.5999999999999,462.75051118758273,484.1094888124173,100,54.79,8.662347408541326,38.0,88.0,54.0,44.0,67.0,53.092179907925896,56.4878200920741,100,0.3077049737061577,16.69231558428234,13.62470503744742,2.99,105.88048919586845,24.03611367600287
90,100,977.37,102.83945072909825,802.0,1339.0,965.5,841.35,1155.3,957.2134676570968,997.5265323429032,100,16.03,5.973772643477454,2.0,29.0,16.0,6.95,26.049999999999997,14.85914056187842,17.200859438121583,100,13.36,3.745758544101191,5.0,21.0,13.0,7.0,19.049999999999997,12.625831325356167,14.094168674643832,100,236.84,26.745988087709133,167.0,314.0,232.0,200.0,283.59999999999997,231.597786334809,242.082213665191,100,502.85,52.25546706693796,401.0,717.0,498.5,430.8,585.5999999999999,492.6079284548802,513.0920715451199,100,474.52,54.687446161589655,357.0,622.0,465.5,400.9,572.8499999999999,463.8012605523284,485.23873944767155,100,54.51,9.473509050894169,33.0,77.0,54.5,39.95,72.0,52.65319222602474,56.36680777397525,100,0.273930440135417,16.40115821029907,13.669337098539959,2.6700000000000017,105.97024361460004,24.23237873067518
91,100,980.57,104.05148832295588,799.0,1340.0,967.5,840.8,1147.2499999999998,960.1759082887007,1000.9640917112994,100,16.71,6.348936123398147,6.0,37.0,16.0,7.0,32.0,15.465608519813964,17.954391480186036,100,13.51,3.6390003067220578,7.0,23.0,13.0,8.0,20.0,12.796755939882477,14.223244060117523,100,237.46,27.70421694189598,185.0,327.0,236.5,197.0,293.15,232.0299734793884,242.89002652061163,100,504.44,53.095363034426796,401.0,719.0,501.5,433.8,586.55,494.03330884525235,514.8466911547476,100,476.13,54.99966115598102,360.0,624.0,468.0,398.95,574.65,465.3500664134277,486.90993358657227,100,54.75,8.515434590355694,32.0,75.0,53.5,41.95,68.05,53.08097482029029,56.41902517970971,100,0.32740927182131063,17.041108742874044,13.777700725088469,3.200000000000001,105.94585512360071,24.21652712198007
92,100,984.21,104.38732217229749,802.0,1336.0,970.0,842.8,1146.6,963.7500848542297,1004.6699151457703,100,17.22,6.53750639762516,6.0,34.0,16.0,8.0,31.0,15.938648746065468,18.50135125393453,100,13.58,3.980203537762887,4.0,24.0,14.0,7.0,20.049999999999997,12.799880106598474,14.360119893401526,100,240.07,26.945982253314867,174.0,330.0,238.0,201.0,285.0,234.78858747835028,245.3514125216497,100,505.79,53.6385763111482,402.0,714.0,502.5,435.65,586.6499999999999,495.276839043015,516.303160956985,100,478.42,54.84121800178396,357.0,626.0,471.0,403.9,575.5,467.67112127165035,489.1688787283497,100,54.07,9.1521979476368,29.0,80.0,55.0,39.0,67.05,52.27616920226319,55.86383079773681,100,0.37121266202311265,17.496266040783976,13.797868341106065,3.639999999999999,105.72091467748004,24.39215208136475
93,100,987.32,105.64949482877691,810.0,1349.0,972.5,850.8,1162.5499999999997,966.6126990135598,1008.0273009864403,100,16.12,6.769330719047369,5.0,39.0,15.0,6.0,29.0,14.793211179066716,17.446788820933286,100,13.01,3.696831840450098,4.0,23.0,13.0,6.95,18.049999999999997,12.28542095927178,13.73457904072822,100,239.46,28.47909742072227,178.0,340.0,237.0,199.95,287.05,233.87809690553846,245.04190309446156,100,507.29,54.38272434395602,407.0,726.0,501.0,436.55,589.2499999999999,496.63098602858463,517.9490139714154,100,480.03,55.589486506901736,361.0,640.0,472.5,406.8,587.3,469.1344606446472,490.9255393553527,100,56.43,9.173143717208712,35.0,76.0,56.0,42.0,71.05,54.63206383142709,58.22793616857291,100,0.31598947379116726,16.327026698537455,13.177085443422596,3.110000000000001,105.67881174093287,24.25353482153709
94,100,990.1,106.58884471736157,805.0,1346.0,978.0,851.7,1160.6,969.2085864353971,1010.9914135646029,100,16.33,5.863868134171291,5.0,32.0,16.5,6.95,25.099999999999994,15.180681845702425,17.479318154297573,100,13.55,4.075982870871314,4.0,25.0,13.0,7.0,21.0,12.751107357309223,14.348892642690778,100,237.97,28.43331912323351,168.0,331.0,235.0,198.0,286.05,232.39706945184622,243.54293054815378,100,508.73,54.82789509736883,407.0,721.0,503.0,440.3,589.8,497.9837325609157,519.4762674390843,100,481.37,55.98243862447789,361.0,651.0,471.5,411.55,587.25,470.39744202960236,492.34255797039765,100,57.31,8.626591494216056,37.0,76.0,56.0,44.95,73.0,55.619188067133656,59.00081193286635,100,0.28157031155044976,16.49328350671649,13.685486314513685,2.7799999999999976,105.68377755157157,24.034945965054032
95,100,993.99,106.93739270992144,807.0,1345.0,982.0,850.8,1163.35,973.0302710288554,1014.9497289711446,100,17.63,5.928283516714214,5.0,33.0,17.0,8.850000000000001,28.049999999999997,16.468056430724012,18.791943569275986,100,13.74,3.8154920780916055,4.0,24.0,14.5,6.0,19.049999999999997,12.992163552694045,14.487836447305956,100,240.15,29.612437668089143,162.0,325.0,235.5,202.95,291.34999999999997,234.34596221705453,245.95403778294548,100,510.99,54.78875778659323,407.0,717.0,506.5,444.25,593.7499999999999,500.25140347382774,521.7285965261723,100,483.0,56.468280181591034,358.0,656.0,474.0,411.55,590.25,471.93221708440814,494.06778291559186,100,55.96,8.24488822351048,39.0,79.0,55.0,43.0,70.05,54.34400190819195,57.57599809180805,100,0.39288960711039156,17.73659694765541,13.823076690912384,3.889999999999999,105.79503105590062,24.16020281894184
96,100,996.43,107.10848413518592,806.0,1348.0,983.5,858.85,1176.7999999999997,975.4367371095035,1017.4232628904964,100,16.97,6.549662648417918,2.0,38.0,16.0,7.0,28.099999999999994,15.686266120910087,18.25373387908991,100,14.53,3.9298263770216812,5.0,26.0,15.0,8.0,20.049999999999997,13.75975403010375,15.300245969896249,100,240.13,29.047733269238204,177.0,348.0,238.5,202.95,283.59999999999997,234.4366442792293,245.82335572077068,100,512.4,54.72447054808003,403.0,718.0,508.0,436.9,597.5999999999999,501.67400377257627,523.1259962274237,100,484.03,56.8008135878565,358.0,650.0,472.5,415.45,600.1,472.8970405367801,495.16295946321986,100,57.23,9.448269575948709,37.0,79.0,56.0,43.0,74.05,55.37813916311405,59.081860836885944,100,0.24547530659262407,17.030799955842355,14.582057946870327,2.4399999999999995,105.86120694998245,24.099033549772688
97,100,998.06,107.49797461094113,809.0,1360.0,986.5,858.7,1177.1999999999998,976.9903969762555,1019.1296030237444,100,15.74,5.873446495659405,4.0,33.0,15.0,7.95,27.0,14.588804486850757,16.891195513149242,100,14.11,4.270866777400465,4.0,22.0,14.0,7.0,20.049999999999997,13.272910111629509,14.94708988837049,100,241.03,28.920809676135146,183.0,352.0,235.0,202.65,295.0,235.3615213034775,246.6984786965225,100,513.18,54.95753732738494,406.0,733.0,509.5,432.95,598.4999999999999,502.4083226838325,523.9516773161674,100,484.88,56.864943666390964,360.0,651.0,474.0,415.55,592.5,473.73447104138734,496.02552895861265,100,55.95,8.869850191758733,39.0,80.0,54.0,43.0,71.0,54.21150936241529,57.688490637584714,100,0.1635839948616491,15.770594954211171,14.137426607618782,1.6300000000000008,105.83649562778419,24.149850710378136
98,100,1000.17,108.86086523539109,807.0,1382.0,988.5,854.8,1174.8999999999999,978.8332704138633,1021.5067295861367,100,16.2,5.891270720911636,3.0,35.0,16.0,7.95,27.0,15.045310938701318,17.35468906129868,100,14.09,3.7981787235676014,6.0,23.0,14.0,9.0,21.0,13.34555697018075,14.83444302981925,100,241.41,29.841363402113007,187.0,330.0,238.5,203.75,297.29999999999995,235.56109277318583,247.25890722681416,100,514.54,56.009634813299684,405.0,746.0,511.5,431.95,600.05,503.5621115765932,525.5178884234067,100,485.63,57.23417341117636,365.0,646.0,475.5,414.95,591.4499999999999,474.41210201140944,496.84789798859055,100,56.9,9.450028058319736,38.0,97.0,56.0,42.0,71.05,55.04779450056933,58.752205499430666,100,0.21141013566319256,16.19724646810042,14.087605107131788,2.1099999999999994,105.95309186005805,24.136896727556316
99,100,1002.05,109.30259869192534,820.0,1388.0,991.5,854.0,1177.9499999999998,980.6266906563826,1023.4733093436173,100,16.34,5.3185780738156625,6.0,31.0,16.0,8.0,26.0,15.29755869753213,17.38244130246787,100,14.46,3.5941029141603273,6.0,25.0,14.0,9.0,20.0,13.755555828824576,15.164444171175425,100,242.43,29.800093213873605,196.0,325.0,236.5,202.9,291.65,236.58918173008078,248.27081826991923,100,515.36,56.51986689240654,413.0,745.0,512.5,436.8,605.0999999999999,504.28210608908836,526.4378939109117,100,486.69,57.1044930921651,367.0,646.0,477.5,414.8,589.5,475.4975193539356,497.8824806460644,100,55.96,8.97799779708396,37.0,86.0,54.0,43.0,74.05,54.20031243177154,57.71968756822846,100,0.18796804543228518,16.30657152836685,14.43041764383015,1.879999999999999,105.89081345414945,24.193403522778308
